[
    {
        "displayName": "My Owner",
        "vcard": "BEGIN:VCARD\nVERSION:3.0\nFN:My Owner\nN:My Owner;;;\nTEL;waid=62816716960:62816716960\nEMAIL;TYPE=WORK: ripadcom@gmail.com\nADR;TYPE=HOME:;;11 Naitōmachi;Shinjuku City;Tokyo 160-0014;Jepang\nURL;TYPE=WORK:https://linktr.ee/rizaldev\nORG:Science, Technology, Engineering\nTITLE:Science, Technology, Engineering\nNOTE:Ada\nEND:VCARD"
    },
    {
        "displayName": "My Owner",
        "vcard": "BEGIN:VCARD\nVERSION:3.0\nFN:My Owner\nN:My Owner;;;\nTEL;waid=62816716960:62816716960\nEMAIL;TYPE=WORK: ripadcom@gmail.com\nADR;TYPE=HOME:;;11 Naitōmachi;Shinjuku City;Tokyo 160-0014;Jepang\nURL;TYPE=WORK:https://linktr.ee/rizaldev\nORG:Science, Technology, Engineering\nTITLE:Science, Technology, Engineering\nNOTE:Ada\nEND:VCARD"
    },
    {
        "displayName": "My Owner",
        "vcard": "BEGIN:VCARD\nVERSION:3.0\nFN:My Owner\nN:My Owner;;;\nTEL;waid=62816716960:62816716960\nEMAIL;TYPE=WORK: ripadcom@gmail.com\nADR;TYPE=HOME:;;11 Naitōmachi;Shinjuku City;Tokyo 160-0014;Jepang\nURL;TYPE=WORK:https://linktr.ee/rizaldev\nORG:Science, Technology, Engineering\nTITLE:Science, Technology, Engineering\nNOTE:Ada\nEND:VCARD"
    }
]
